/*
SQLyog Enterprise - MySQL GUI v6.0
Host - 5.1.31-community : Database - app
*********************************************************************
Server version : 5.1.31-community
*/

/*!40101 SET NAMES utf8 */;

/*!40101 SET SQL_MODE=''*/;

create database if not exists `app`;

USE `app`;

/*!40014 SET @OLD_FOREIGN_KEY_CHECKS=@@FOREIGN_KEY_CHECKS, FOREIGN_KEY_CHECKS=0 */;
/*!40101 SET @OLD_SQL_MODE=@@SQL_MODE, SQL_MODE='NO_AUTO_VALUE_ON_ZERO' */;

/*Table structure for table `app_dict` */

DROP TABLE IF EXISTS `app_dict`;

CREATE TABLE `app_dict` (
  `id` varchar(100) NOT NULL,
  `value` varchar(100) NOT NULL,
  `type` varchar(100) NOT NULL,
  `pinyin` varchar(100) DEFAULT NULL,
  PRIMARY KEY (`id`)
) ENGINE=InnoDB DEFAULT CHARSET=utf8;

/*Data for the table `app_dict` */

insert  into `app_dict`(`id`,`value`,`type`,`pinyin`) values ('article.state.normal','普通','article.state','putong'),('article.state.recommand','推荐','article.state','tuijian'),('article.state.top','置顶','article.state','zhiding'),('ascii','ACSII码','regex','acsii'),('bookcar.state.false','未确认','bookcar.state','weiqueren'),('bookcar.state.true','确认','bookcar.state','queren'),('bookcar.type.bookcar','订车','bookcar.type','dingche'),('bookcar.type.change','置换','bookcar.type','zhihuan'),('bookcar.type.drive','试驾','bookcar.type','shijia'),('boolean.false','否','boolean','fou'),('boolean.true','是','boolean','shi'),('car.dongfenghonda','东风本田','car','dongfengbentian'),('car.dongfenghonda.civic','思域','car.dongfenghonda','siyu'),('car.dongfenghonda.crv','CRV','car.dongfenghonda','crv'),('car.dongfenghonda.crv.1','系列一','car.dongfenghonda.crv','xilieyi'),('car.dongfenghonda.crv.2','系列二','car.dongfenghonda.crv','xilieer'),('car.dongfenghonda.spirior','思铂睿','car.dongfenghonda','siborui'),('car.dongfengnissan','东风尼桑','car','dongfengnisang'),('car.yiqivw','一汽大众','car','yiqidazhong'),('chinese','中文','regex','zhengwen'),('column.type.decimal','decimal','column.type','decimal'),('column.type.int','int','column.type','int'),('column.type.varchar','varchar','column.type','varchar'),('content.mode.more','多项','content.mode','duoxiang'),('content.mode.none','空项','content.mode','kongxiang'),('content.mode.one','单项','content.mode','danxiang'),('data','日期','regex','riqi'),('decmal','浮点数','regex','fudianshu'),('email','邮箱','regex','youxiang'),('form.type.combox','单选框','form.type','danxuankuang'),('form.type.datebox','日期','form.type','riqi'),('form.type.datetime','日期时间','form.type','riqishijian'),('form.type.input','输入框','form.type','shurukuang'),('form.type.textarea','文本域','form.type','wenbenyu'),('id','标识','regex','biaoshi'),('idcard','身份证','regex','shenfenzheng'),('integer','整数','regex','zhengshu'),('letter','字母','regex','zimu'),('loginId','登录标识','regex','denglubiaoshi'),('message.state.false','未回复','message.state','weihuifu'),('message.state.true','已回复','message.state','yihuifu'),('notempty','非空','regex','feikong'),('number','数字','regex','shuzi'),('phone','手机电话','regex','shouji'),('picture','图片','regex','tupian'),('qq','QQ号','regex','qq'),('rar','压缩文件','regex','yasuowenjian'),('tel','座机电话','regex','zuoji'),('url','URL','regex','url'),('visible.false','隐藏','visible','yinchang'),('visible.true','显示','visible','xianshi'),('zipcode','邮编','regex','youbian');

/*Table structure for table `app_dict_test` */

DROP TABLE IF EXISTS `app_dict_test`;

CREATE TABLE `app_dict_test` (
  `test1` varchar(20) DEFAULT NULL,
  `test2` varchar(20) DEFAULT NULL,
  `test3` varchar(20) DEFAULT NULL,
  `test4` varchar(20) DEFAULT NULL,
  `test1Name` varchar(20) DEFAULT NULL,
  `test3Name` varchar(20) DEFAULT NULL,
  `test2Name` varchar(20) DEFAULT NULL,
  `test4Name` varchar(20) DEFAULT NULL,
  `id` int(11) DEFAULT NULL
) ENGINE=InnoDB DEFAULT CHARSET=utf8;

/*Data for the table `app_dict_test` */

insert  into `app_dict_test`(`test1`,`test2`,`test3`,`test4`,`test1Name`,`test3Name`,`test2Name`,`test4Name`,`id`) values ('22','1','11','112','长春分公司','管理员','角色','分公司管理员',110);

/*Table structure for table `app_form_item` */

DROP TABLE IF EXISTS `app_form_item`;

CREATE TABLE `app_form_item` (
  `id` int(11) NOT NULL AUTO_INCREMENT,
  `name` varchar(50) DEFAULT NULL,
  `showName` varchar(50) DEFAULT NULL,
  `defaultValue` varchar(500) DEFAULT NULL,
  `tableId` int(11) DEFAULT NULL,
  `required` varchar(50) DEFAULT NULL,
  `requiredName` varchar(50) DEFAULT NULL,
  `readonly` varchar(50) DEFAULT NULL,
  `readonlyName` varchar(50) DEFAULT NULL,
  `hidden` varchar(50) DEFAULT NULL,
  `hiddenName` varchar(50) DEFAULT NULL,
  `min` varchar(50) DEFAULT NULL,
  `max` varchar(50) DEFAULT NULL,
  `regex` varchar(50) DEFAULT NULL,
  `regexName` varchar(50) DEFAULT NULL,
  `focusTip` varchar(200) DEFAULT NULL,
  `func` varchar(2000) DEFAULT NULL,
  `dict` varchar(50) DEFAULT NULL,
  `type` varchar(50) DEFAULT NULL,
  `typeName` varchar(50) DEFAULT NULL,
  `render` varchar(2000) DEFAULT NULL,
  `formType` varchar(50) DEFAULT NULL,
  PRIMARY KEY (`id`)
) ENGINE=InnoDB AUTO_INCREMENT=67 DEFAULT CHARSET=utf8;

/*Data for the table `app_form_item` */

insert  into `app_form_item`(`id`,`name`,`showName`,`defaultValue`,`tableId`,`required`,`requiredName`,`readonly`,`readonlyName`,`hidden`,`hiddenName`,`min`,`max`,`regex`,`regexName`,`focusTip`,`func`,`dict`,`type`,`typeName`,`render`,`formType`) values (16,'vvv','vvv','',7,'boolean.true','是','boolean.true','是','visible.true','显示','','50','','','请输入内容','function() {this.isvalid=true;}','','form.type.input','输入框','','add'),(17,'name','名称','',7,'boolean.true','是','boolean.true','是','visible.true','显示','','50','','','请输入内容','function() {this.isvalid=true;}','','form.type.input','输入框','','add'),(18,'age','年龄','',7,'boolean.true','是','boolean.true','是','visible.true','显示','','50','','','请输入内容','function() {this.isvalid=true;}','','form.type.input','输入框','','add'),(40,'name','名称','',9,'boolean.true','是','boolean.false','否','visible.true','显示','0','50','chinese','中文','请输入中文','function() {this.isvalid=true;}','','form.type.input','输入框','','add'),(41,'phone','电话','',9,'boolean.false','否','boolean.false','否','visible.true','显示','0','50','phone','手机电话','请输入有效电话号码','function() {this.isvalid=true;}','','form.type.input','输入框','','add'),(42,'email','邮箱','',9,'boolean.true','是','boolean.false','否','visible.true','显示','0','50','email','邮箱','请输入内容','function() {this.isvalid=true;}','','form.type.input','输入框','','add'),(43,'used','有效','boolean.true',9,'boolean.true','是','boolean.false','否','visible.true','显示','0','50','','','请输入内容','function() {this.isvalid=true;}','boolean','form.type.combox','单选框','$(\'#used\').combobox({\r\n	onSelect : function(record){\r\n	       $(\'#usedName\').val(record.text);\r\n        }\r\n});','add'),(44,'usedName','是否有效','是',9,'boolean.false','否','boolean.false','否','visible.false','隐藏','0','50','','','请输入内容','function() {this.isvalid=true;}','','form.type.input','输入框','','add'),(45,'birthday','生日','current',9,'boolean.true','是','boolean.false','否','visible.true','显示','0','50','data','日期','请输入内容','function() {this.isvalid=true;}','','form.type.datebox','日期','','add'),(46,'desc','描述','',9,'boolean.false','否','boolean.false','否','visible.true','显示','0','50','','','请输入内容','function() {this.isvalid=true;}','','form.type.textarea','文本域','','add'),(54,'name','名称','',9,'boolean.true','是','boolean.false','否','visible.true','显示','0','50','chinese','中文','请输入中文','function() {this.isvalid=true;}','','form.type.input','输入框','','edit'),(55,'phone','电话','',9,'boolean.false','否','boolean.false','否','visible.true','显示','0','50','phone','手机电话','请输入有效电话号码','function() {this.isvalid=true;}','','form.type.input','输入框','','edit'),(56,'email','邮箱','',9,'boolean.true','是','boolean.false','否','visible.true','显示','0','50','email','邮箱','请输入内容','function() {this.isvalid=true;}','','form.type.input','输入框','','edit'),(57,'used','有效','boolean.true',9,'boolean.true','是','boolean.false','否','visible.true','显示','0','50','','','请输入内容','function() {this.isvalid=true;}','boolean','form.type.combox','单选框','$(\'#used\').combobox({\r\n	onSelect : function(record){\r\n	       $(\'#usedName\').val(record.text);\r\n        }\r\n});','edit'),(58,'usedName','是否有效','是',9,'boolean.false','否','boolean.false','否','visible.false','隐藏','0','50','','','请输入内容','function() {this.isvalid=true;}','','form.type.input','输入框','','edit'),(59,'birthday','生日','current',9,'boolean.true','是','boolean.false','否','visible.true','显示','0','50','data','日期','请输入内容','function() {this.isvalid=true;}','','form.type.datebox','日期','','edit'),(60,'desc','描述','',9,'boolean.false','否','boolean.false','否','visible.true','显示','0','51','','','请输入内容','function() {this.isvalid=true;}','','form.type.textarea','文本域','','edit'),(61,'name','姓名','张三',10,'boolean.true','是','boolean.false','否','visible.true','显示','0','50','chinese','中文','请输入内容','function() {this.isvalid=true;}','','form.type.input','输入框','','add'),(62,'date','日期','',10,'boolean.true','是','boolean.false','否','visible.true','显示','0','50','data','日期','请输入内容','function() {this.isvalid=true;}','','form.type.datebox','日期','','add'),(63,'phone','电话','',10,'boolean.true','是','boolean.false','否','visible.true','显示','0','50','phone','手机电话','请输入内容','function() {this.isvalid=true;}','','form.type.textarea','文本域','','add'),(64,'name','姓名','张三',10,'boolean.true','是','boolean.false','否','visible.true','显示','0','50','chinese','中文','请输入内容','function() {this.isvalid=true;}','','form.type.input','输入框','','edit'),(65,'date','日期','',10,'boolean.true','是','boolean.false','否','visible.true','显示','0','50','data','日期','请输入内容','function() {this.isvalid=true;}','','form.type.datebox','日期','','edit'),(66,'phone','电话','',10,'boolean.true','是','boolean.false','否','visible.true','显示','0','50','phone','手机电话','请输入内容','function() {this.isvalid=true;}','','form.type.input','输入框','','edit');

/*Table structure for table `app_queryform_item` */

DROP TABLE IF EXISTS `app_queryform_item`;

CREATE TABLE `app_queryform_item` (
  `id` int(11) NOT NULL AUTO_INCREMENT,
  `name` varchar(50) DEFAULT NULL,
  `showName` varchar(50) DEFAULT NULL,
  `tableId` int(11) DEFAULT NULL,
  `condition` varchar(50) DEFAULT NULL,
  `conditionName` varchar(50) DEFAULT NULL,
  `hidden` varchar(50) DEFAULT NULL,
  `hiddenName` varchar(50) DEFAULT NULL,
  `sort` varchar(50) DEFAULT NULL,
  `sortName` varchar(50) DEFAULT NULL,
  `width` varchar(50) DEFAULT NULL,
  `format` varchar(2000) DEFAULT NULL,
  `dict` varchar(50) DEFAULT NULL,
  `type` varchar(50) DEFAULT NULL,
  `typeName` varchar(50) DEFAULT NULL,
  PRIMARY KEY (`id`)
) ENGINE=InnoDB AUTO_INCREMENT=26 DEFAULT CHARSET=utf8;

/*Data for the table `app_queryform_item` */

insert  into `app_queryform_item`(`id`,`name`,`showName`,`tableId`,`condition`,`conditionName`,`hidden`,`hiddenName`,`sort`,`sortName`,`width`,`format`,`dict`,`type`,`typeName`) values (3,'age','年龄',7,'boolean.true','是','visible.true','显示','boolean.true','是','100','','car','form.type.input','输入框'),(9,'vvv','vvv',7,'boolean.true','是','visible.true','显示','boolean.true','是','50','','','form.type.textarea','文本域'),(10,'name','名称',7,'boolean.true','是','visible.true','显示','boolean.true','是','50','','boolean','form.type.combox','单选框'),(12,'name','名称',9,'boolean.true','是','visible.true','显示','boolean.true','是','80','','','form.type.input','输入框'),(13,'phone','电话',9,'boolean.true','是','visible.true','显示','boolean.true','是','100','','','form.type.input','输入框'),(14,'email','邮箱',9,'boolean.true','是','visible.true','显示','boolean.true','是','150','','','form.type.input','输入框'),(15,'used','有效',9,'boolean.true','是','visible.false','隐藏','boolean.true','是','50','','boolean','form.type.combox','单选框'),(16,'usedName','是否有效',9,'boolean.false','否','visible.true','显示','boolean.true','是','80','','','form.type.input','输入框'),(18,'birthday','生日',9,'boolean.true','是','visible.true','显示','boolean.true','是','150','','','form.type.datebox','日期'),(19,'desc','描述',9,'boolean.false','否','visible.true','显示','boolean.true','是','150','','','form.type.input','输入框'),(22,'name','姓名',10,'boolean.true','是','visible.true','显示','boolean.true','是','100','','','form.type.input','输入框'),(23,'date','日期',10,'boolean.true','是','visible.true','显示','boolean.true','是','150','','','form.type.datebox','日期'),(25,'phone','电话',10,'boolean.true','是','visible.true','显示','boolean.true','是','150','return value;','','form.type.input','输入框');

/*Table structure for table `app_resources` */

DROP TABLE IF EXISTS `app_resources`;

CREATE TABLE `app_resources` (
  `id` varchar(100) NOT NULL,
  `name` varchar(100) NOT NULL,
  `path` varchar(100) DEFAULT NULL,
  `parentId` varchar(100) DEFAULT NULL,
  `sort` int(11) NOT NULL AUTO_INCREMENT,
  PRIMARY KEY (`sort`)
) ENGINE=InnoDB AUTO_INCREMENT=42 DEFAULT CHARSET=utf8;

/*Data for the table `app_resources` */

insert  into `app_resources`(`id`,`name`,`path`,`parentId`,`sort`) values ('auth','管理权限',NULL,NULL,1),('auth.user','管理用户','/app/auth/user/showUsers.jsp','auth',2),('auth.role','管理角色','/app/auth/role/showRoles.jsp','auth',3),('auth.resource','管理资源','/app/auth/resource/showResources.jsp','auth',4),('auth.organization','管理部门','/app/auth/organization/showOrganizations.jsp','auth',5),('configuration','管理基础配置','',NULL,6),('configuration.dict','管理数据字典','/app/system/dict/showDicts.jsp','configuration',7),('website','管理网站','',NULL,8),('website.content','管理目录','/app/website/content/show.jsp','website',14),('website.article','管理文章','/app/website/article/show.jsp','website',32),('website.message','管理消息','/app/website/message/show.jsp','website',33),('car','管理汽车','',NULL,34),('website.editcontent','管理融展集团','/app/website/admin/main.jsp?cid=rongzhan','website',35),('auth.change.password','修改密码','/app/auth/user/changePassword.jsp',NULL,36),('car.newcar','管理新车','/app/car/newcar/show.jsp','car',37),('car.bookcar','管理预约','/app/car/bookcar/show.jsp','car',38),('car.admin.bookcar','管理车辆预约','/app/car/admin/bookcarShow.jsp?cid=rongzhan','car',39),('car.admin.newcar','管理新车信息','/app/car/admin/newcarShow.jsp?cid=rongzhan','car',40),('configuration.table','管理表','/app/system/easyform/table/show.jsp','configuration',41);

/*Table structure for table `app_table` */

DROP TABLE IF EXISTS `app_table`;

CREATE TABLE `app_table` (
  `id` int(11) NOT NULL AUTO_INCREMENT,
  `name` varchar(50) DEFAULT NULL,
  `showName` varchar(50) DEFAULT NULL,
  PRIMARY KEY (`id`)
) ENGINE=InnoDB AUTO_INCREMENT=11 DEFAULT CHARSET=utf8;

/*Data for the table `app_table` */

insert  into `app_table`(`id`,`name`,`showName`) values (9,'test_ust','测试用户'),(10,'test_abc','ABC');

/*Table structure for table `app_table_column` */

DROP TABLE IF EXISTS `app_table_column`;

CREATE TABLE `app_table_column` (
  `id` int(11) NOT NULL AUTO_INCREMENT,
  `name` varchar(50) DEFAULT NULL,
  `showName` varchar(50) DEFAULT NULL,
  `tableId` int(11) DEFAULT NULL,
  `type` varchar(50) DEFAULT NULL,
  `typeName` varchar(50) DEFAULT NULL,
  `length` varchar(50) DEFAULT NULL,
  `defaultValue` varchar(50) DEFAULT NULL,
  PRIMARY KEY (`id`)
) ENGINE=InnoDB AUTO_INCREMENT=28 DEFAULT CHARSET=utf8;

/*Data for the table `app_table_column` */

insert  into `app_table_column`(`id`,`name`,`showName`,`tableId`,`type`,`typeName`,`length`,`defaultValue`) values (12,'age','年龄',7,'column.type.varchar','varchar','50','5'),(13,'name','名称',7,'column.type.varchar','varchar','50','11'),(14,'name','名称',8,'column.type.varchar','varchar','50',''),(15,'age','年龄',8,'column.type.varchar','varchar','50',''),(16,'ss','ss',8,'column.type.varchar','varchar','50',''),(17,'vvv','vvv',7,'column.type.varchar','varchar','50','1'),(18,'name','名称',9,'column.type.varchar','varchar','50',''),(19,'phone','电话',9,'column.type.varchar','varchar','50',''),(20,'email','邮箱',9,'column.type.varchar','varchar','50',''),(21,'used','有效',9,'column.type.varchar','varchar','50','boolean.true'),(22,'desc','描述',9,'column.type.varchar','varchar','50',''),(23,'birthday','生日',9,'column.type.varchar','varchar','50',''),(24,'usedName','是否有效',9,'column.type.varchar','varchar','50','是'),(25,'name','姓名',10,'column.type.varchar','varchar','50',''),(26,'date','日期',10,'column.type.varchar','varchar','50',''),(27,'phone','电话',10,'column.type.varchar','varchar','50','');

/*Table structure for table `auth_organizations` */

DROP TABLE IF EXISTS `auth_organizations`;

CREATE TABLE `auth_organizations` (
  `id` varchar(100) NOT NULL,
  `name` varchar(100) NOT NULL,
  `description` varchar(500) DEFAULT NULL,
  `parentId` varchar(100) DEFAULT NULL,
  PRIMARY KEY (`id`)
) ENGINE=InnoDB DEFAULT CHARSET=utf8;

/*Data for the table `auth_organizations` */

/*Table structure for table `auth_re_organization_resource` */

DROP TABLE IF EXISTS `auth_re_organization_resource`;

CREATE TABLE `auth_re_organization_resource` (
  `organizationId` varchar(100) NOT NULL,
  `resourceId` varchar(100) NOT NULL,
  PRIMARY KEY (`organizationId`,`resourceId`)
) ENGINE=InnoDB DEFAULT CHARSET=utf8;

/*Data for the table `auth_re_organization_resource` */

insert  into `auth_re_organization_resource`(`organizationId`,`resourceId`) values ('1','auth.resource'),('1','auth.role'),('1','auth.user');

/*Table structure for table `auth_re_organization_user` */

DROP TABLE IF EXISTS `auth_re_organization_user`;

CREATE TABLE `auth_re_organization_user` (
  `organizationId` varchar(100) NOT NULL,
  `userId` varchar(100) NOT NULL,
  PRIMARY KEY (`organizationId`,`userId`)
) ENGINE=InnoDB DEFAULT CHARSET=utf8;

/*Data for the table `auth_re_organization_user` */

insert  into `auth_re_organization_user`(`organizationId`,`userId`) values ('1','1'),('1','admin'),('2','1'),('2','3'),('3','2'),('3','3');

/*Table structure for table `auth_re_role_resource` */

DROP TABLE IF EXISTS `auth_re_role_resource`;

CREATE TABLE `auth_re_role_resource` (
  `roleId` varchar(100) CHARACTER SET gb2312 NOT NULL,
  `resourceId` varchar(100) CHARACTER SET gb2312 NOT NULL DEFAULT '',
  PRIMARY KEY (`roleId`,`resourceId`)
) ENGINE=InnoDB DEFAULT CHARSET=utf8;

/*Data for the table `auth_re_role_resource` */

insert  into `auth_re_role_resource`(`roleId`,`resourceId`) values ('super.admin','auth'),('super.admin','auth.change.password'),('super.admin','auth.organization'),('super.admin','auth.resource'),('super.admin','auth.role'),('super.admin','auth.user'),('super.admin','car'),('super.admin','car.admin.bookcar'),('super.admin','car.admin.newcar'),('super.admin','car.bookcar'),('super.admin','car.newcar'),('super.admin','configuration'),('super.admin','configuration.dict'),('super.admin','configuration.table'),('super.admin','website'),('super.admin','website.article'),('super.admin','website.content'),('super.admin','website.editcontent'),('super.admin','website.message');

/*Table structure for table `auth_re_user_resource` */

DROP TABLE IF EXISTS `auth_re_user_resource`;

CREATE TABLE `auth_re_user_resource` (
  `userId` varchar(100) NOT NULL,
  `resourceId` varchar(100) NOT NULL,
  PRIMARY KEY (`userId`,`resourceId`)
) ENGINE=InnoDB DEFAULT CHARSET=utf8;

/*Data for the table `auth_re_user_resource` */

insert  into `auth_re_user_resource`(`userId`,`resourceId`) values ('1','auth'),('1','auth.organization'),('1','auth.reportData'),('1','auth.reportView'),('1','auth.resource'),('1','auth.role'),('1','auth.user'),('1','configuration'),('1','configuration.dict'),('1','test'),('1','test.dict'),('1','test.highcharts.basic'),('1','test.highcharts.sameData'),('1','test.report'),('2','auth'),('2','auth.organization'),('2','auth.resource'),('2','auth.role'),('23','test'),('3','auth'),('3','auth.reportData'),('3','auth.reportView'),('3','auth.role'),('3','auth.user'),('rongzhan','auth.change.password'),('rongzhan','car'),('rongzhan','car.admin.bookcar'),('rongzhan','car.admin.newcar'),('rongzhan','website'),('rongzhan','website.editcontent');

/*Table structure for table `auth_re_user_role` */

DROP TABLE IF EXISTS `auth_re_user_role`;

CREATE TABLE `auth_re_user_role` (
  `userId` varchar(100) CHARACTER SET gb2312 NOT NULL,
  `roleId` varchar(100) CHARACTER SET gb2312 NOT NULL,
  PRIMARY KEY (`userId`,`roleId`)
) ENGINE=InnoDB DEFAULT CHARSET=utf8;

/*Data for the table `auth_re_user_role` */

insert  into `auth_re_user_role`(`userId`,`roleId`) values ('admin','super.admin');

/*Table structure for table `auth_roles` */

DROP TABLE IF EXISTS `auth_roles`;

CREATE TABLE `auth_roles` (
  `Id` varchar(100) NOT NULL,
  `name` varchar(100) NOT NULL,
  `description` varchar(500) DEFAULT NULL,
  PRIMARY KEY (`Id`),
  UNIQUE KEY `id` (`Id`)
) ENGINE=InnoDB DEFAULT CHARSET=utf8;

/*Data for the table `auth_roles` */

insert  into `auth_roles`(`Id`,`name`,`description`) values ('super.admin','超级管理员','拥有所有权限');

/*Table structure for table `auth_users` */

DROP TABLE IF EXISTS `auth_users`;

CREATE TABLE `auth_users` (
  `Id` varchar(100) NOT NULL,
  `name` varchar(100) NOT NULL,
  `password` varchar(100) NOT NULL,
  `email` varchar(100) DEFAULT NULL,
  `phone` varchar(100) DEFAULT NULL,
  PRIMARY KEY (`Id`),
  UNIQUE KEY `id` (`Id`)
) ENGINE=InnoDB DEFAULT CHARSET=utf8;

/*Data for the table `auth_users` */

insert  into `auth_users`(`Id`,`name`,`password`,`email`,`phone`) values ('admin','管理员','lueSGJZetyySpUndWjMBEg==','guyuzmq@gmail.com','18943630044'),('rongzhan','融展集团','0N495lkCGCREg87rx9tGew==','11@11.cc','13597878687');

/*Table structure for table `car_bookcar` */

DROP TABLE IF EXISTS `car_bookcar`;

CREATE TABLE `car_bookcar` (
  `id` int(11) NOT NULL AUTO_INCREMENT,
  `cid` varchar(100) DEFAULT NULL,
  `brand` varchar(100) DEFAULT NULL,
  `brandName` varchar(100) DEFAULT NULL,
  `model` varchar(100) DEFAULT NULL,
  `modelName` varchar(100) DEFAULT NULL,
  `series` varchar(100) DEFAULT NULL,
  `seriesName` varchar(100) DEFAULT NULL,
  `license` varchar(100) DEFAULT NULL,
  `phone` varchar(100) DEFAULT NULL,
  `type` varchar(100) DEFAULT NULL,
  `typeName` varchar(100) DEFAULT NULL,
  `text` varchar(1000) DEFAULT NULL,
  `bookTime` datetime DEFAULT NULL,
  `createTime` datetime DEFAULT NULL,
  `state` varchar(100) DEFAULT 'bookcar.state.false',
  `stateName` varchar(100) DEFAULT '未确认',
  PRIMARY KEY (`id`)
) ENGINE=InnoDB AUTO_INCREMENT=8 DEFAULT CHARSET=utf8;

/*Data for the table `car_bookcar` */

insert  into `car_bookcar`(`id`,`cid`,`brand`,`brandName`,`model`,`modelName`,`series`,`seriesName`,`license`,`phone`,`type`,`typeName`,`text`,`bookTime`,`createTime`,`state`,`stateName`) values (6,'rongzhan','car.dongfenghonda','东风本田','car.dongfenghonda.crv','CRV','car.dongfenghonda.crv.1','系列一','123123','13596160570','bookcar.type.drive','试驾','123123123','2011-10-02 20:44:46','2011-10-02 12:44:29','bookcar.state.false','未确认'),(7,'rongzhan.about','car.dongfenghonda','东风本田','car.dongfenghonda.crv','CRV','car.dongfenghonda.crv.2','系列二','1231234','13596160504','bookcar.type.bookcar','试驾','adfsfa4','2011-10-24 20:56:51','2011-10-02 12:56:27','bookcar.state.true','确认');

/*Table structure for table `car_newcar` */

DROP TABLE IF EXISTS `car_newcar`;

CREATE TABLE `car_newcar` (
  `id` int(11) NOT NULL AUTO_INCREMENT,
  `cid` varchar(100) DEFAULT NULL,
  `brand` varchar(100) DEFAULT NULL,
  `brandName` varchar(100) DEFAULT NULL,
  `model` varchar(100) DEFAULT NULL,
  `modelName` varchar(100) DEFAULT NULL,
  `series` varchar(100) DEFAULT NULL,
  `seriesName` varchar(100) DEFAULT NULL,
  `image` varchar(100) DEFAULT NULL,
  `price` varchar(100) DEFAULT NULL,
  `realPrice` varchar(100) DEFAULT NULL,
  `gift` varchar(100) DEFAULT NULL,
  `saller` varchar(100) DEFAULT NULL,
  PRIMARY KEY (`id`)
) ENGINE=InnoDB AUTO_INCREMENT=9 DEFAULT CHARSET=utf8;

/*Data for the table `car_newcar` */

insert  into `car_newcar`(`id`,`cid`,`brand`,`brandName`,`model`,`modelName`,`series`,`seriesName`,`image`,`price`,`realPrice`,`gift`,`saller`) values (2,'rongzhan','car.dongfenghonda','东风本田','car.dongfenghonda.crv','CRV','car.dongfenghonda.crv.1','系列一','/easyapp/attached/appCar/20111002/20111002035431_773.jpg','22.1','20.2','尴尬',NULL),(3,'rongzhan','car.dongfenghonda','东风本田','car.dongfenghonda.crv','CRV','car.dongfenghonda.crv.1','系列一','/easyapp/attached/appCar/20111002/20111002035431_773.jpg','20','18','尴尬5',NULL),(5,'rongzhan','car.dongfenghonda','东风本田','car.dongfenghonda.crv','CRV','car.dongfenghonda.crv.1','系列一','/easyapp/attached/appCar/20111002/20111002035431_773.jpg','23','21','fffss方法','张三:18943630044'),(8,'rongzhan.about','car.dongfenghonda','东风本田','car.dongfenghonda.crv','CRV','car.dongfenghonda.crv.1','系列一','/easyapp/attached/appCar/20111002/20111002035431_773.jpg','21','10','123213','13123555666');

/*Table structure for table `test_abc` */

DROP TABLE IF EXISTS `test_abc`;

CREATE TABLE `test_abc` (
  `id` int(11) NOT NULL AUTO_INCREMENT,
  `name` varchar(50) DEFAULT '',
  `date` varchar(50) DEFAULT '',
  `phone` varchar(50) DEFAULT '',
  PRIMARY KEY (`id`)
) ENGINE=InnoDB AUTO_INCREMENT=3 DEFAULT CHARSET=utf8;

/*Data for the table `test_abc` */

insert  into `test_abc`(`id`,`name`,`date`,`phone`) values (2,'张三','2011-10-17','13596160570');

/*Table structure for table `test_ust` */

DROP TABLE IF EXISTS `test_ust`;

CREATE TABLE `test_ust` (
  `id` int(11) NOT NULL AUTO_INCREMENT,
  `name` varchar(50) DEFAULT '',
  `phone` varchar(50) DEFAULT '',
  `email` varchar(50) DEFAULT '',
  `used` varchar(50) DEFAULT 'boolean.true',
  `desc` varchar(50) DEFAULT '',
  `birthday` varchar(50) DEFAULT '',
  `usedName` varchar(50) DEFAULT '是',
  PRIMARY KEY (`id`)
) ENGINE=InnoDB AUTO_INCREMENT=11 DEFAULT CHARSET=utf8;

/*Data for the table `test_ust` */

insert  into `test_ust`(`id`,`name`,`phone`,`email`,`used`,`desc`,`birthday`,`usedName`) values (1,'尴尬','13596160570','gg@oo.com','boolean.true','方法','2011-10-15','是'),(2,'尴尬','13596160570','guyuzmq@gmail.com','boolean.true','sfsdf','2011-10-15 11:24:33','是'),(3,'广告歌六','13555555556','55@66.776','boolean.true','ff6','2011-10-06 11:25:14','是'),(5,'广告歌','13577777777','55@11.com','boolean.true','333','2011-10-17 02:26:22','是'),(6,'方法','13596160570','gg@gg.com','boolean.true','sff','2011-10-16 02:37:47','是'),(7,'方法','13596160570','guyum@gmail.com','boolean.true','1232','2011-10-16','是'),(8,'发发发','13596160570','33@11.11','boolean.true','1','2011-10-16 02:39:32','是'),(9,'通天塔','13596160570','44@11.com','boolean.true','','2011-10-16 02:42:58','是'),(10,'探探','13596160570','gg@qq.com','boolean.true','','2011-10-16','是');

/*Table structure for table `web_article` */

DROP TABLE IF EXISTS `web_article`;

CREATE TABLE `web_article` (
  `id` int(100) NOT NULL AUTO_INCREMENT,
  `cid` varchar(100) DEFAULT NULL,
  `title` varchar(200) DEFAULT NULL,
  `text` varchar(10000) DEFAULT NULL,
  `type` varchar(100) DEFAULT NULL,
  `typeName` varchar(100) DEFAULT NULL,
  `state` varchar(100) DEFAULT NULL,
  `stateName` varchar(100) DEFAULT NULL,
  `count` int(11) DEFAULT '0',
  `createTime` datetime DEFAULT NULL,
  `operater` varchar(100) DEFAULT NULL,
  `operaterName` varchar(100) DEFAULT NULL,
  PRIMARY KEY (`id`)
) ENGINE=InnoDB AUTO_INCREMENT=70 DEFAULT CHARSET=utf8;

/*Data for the table `web_article` */

insert  into `web_article`(`id`,`cid`,`title`,`text`,`type`,`typeName`,`state`,`stateName`,`count`,`createTime`,`operater`,`operaterName`) values (13,'rongzhan.about.speak','董事长致辞','<img alt=\"\" src=\"/easyapp/attached/image/20111005/20111005001743_570.jpg\" />大家吃好喝好，喝好吃好1122333999','article.state.normal','普通','visible.true','显示',0,'2011-09-27 01:38:58','admin','管理员'),(14,'rongzhan.about.introduce','集团介绍','<p>\r\n	这是一个集团介绍，介绍啥呢333333为什么\r\n</p>\r\n<p>\r\n	阿斯多夫是否\r\n</p>\r\n<p>\r\n	asdfsdfasdfsdf\r\n</p>','article.state.normal','普通','visible.true','显示',0,'2011-09-27 01:40:00','admin','管理员'),(15,'rongzhan.about.glory','企业荣誉','<img alt=\"\" src=\"/easyapp/attached/image/20111014/20111014063720_910.bmp\" />企业老多荣誉了！真滴！111eee','article.state.normal','普通','visible.true','显示',0,'2011-09-27 01:41:09','admin','管理员'),(16,'rongzhan.about.structure','组织架构','什么组织呢？','article.state.normal','普通','visible.true','显示',0,'2011-09-27 03:16:34','admin','管理员'),(17,'rongzhan.about.course','发展历程','','article.state.normal','普通','visible.false','隐藏',0,'2011-09-28 08:02:01','admin','管理员'),(21,'rongzhan.insurance.sall','保险销售','4444啊啊啊uuu11','article.state.normal','普通','visible.true','显示',0,'2011-09-28 08:06:17','admin','管理员'),(22,'rongzhan.service.rescue','24小时救援','22','article.state.normal','普通','visible.true','显示',0,'2011-09-28 08:06:24','admin','管理员'),(23,'rongzhan.service.member','会员服务','333','article.state.normal','普通','visible.true','显示',0,'2011-09-28 08:06:49','admin','管理员'),(24,'rongzhan.insurance.indemnify','保险理赔','55555','article.state.normal','普通','visible.true','显示',0,'2011-09-28 08:09:01','admin','管理员'),(25,'rongzhan.service.book','在线预约','<img alt=\"\" src=\"http://maps.googleapis.com/maps/api/staticmap?center=43.88088320219475%2C125.24943320629882&amp;zoom=15&amp;size=558x360&amp;maptype=roadmap&amp;markers=43.88088320219475%2C125.24943320629882&amp;language=zh_CN&amp;sensor=false\" /><img alt=\"\" src=\"/easyapp/attached/image/20111011/20111011023626_650.bmp\" /><embed src=\"/easyapp/attached/media/20111002/20111002035431_773.jpg\" type=\"video/x-ms-asf-plugin\" width=\"550\" height=\"400\" autostart=\"false\" loop=\"true\" /> \r\n<p>\r\n	asfasf\r\n</p>\r\n<p>\r\n	asdfasdf\r\n</p>\r\n<p>\r\n	asfdsadf\r\n</p>\r\n<hr style=\"page-break-after:always;\" class=\"ke-pagebreak\" />\r\n<p>\r\n	ZXZX\r\n</p>\r\n<p>\r\n	asfasfd\r\n</p>\r\n<p>\r\n	asfasf\r\n</p>\r\n<p>\r\n	asdfasdf\r\n</p>','article.state.normal','普通','visible.true','显示',0,'2011-09-28 08:11:07','admin','管理员'),(26,'rongzhan.service.special','特殊服务','','article.state.normal','普通','visible.true','显示',0,'2011-09-28 08:11:20','admin','管理员'),(27,'rongzhan.service.test','验车中心','asdfsfsdfff','article.state.normal','普通','visible.true','显示',0,'2011-09-28 08:12:19','rongzhan','融展集团'),(43,'rongzhan.loan.toyota','丰田金融','<img alt=\"\" src=\"/easyapp/attached/image/20110929/20110929080127_311.bmp\" />ttttthhhiii','article.state.normal','普通','visible.true','显示',0,'2011-09-28 11:40:50','admin','管理员'),(44,'rongzhan.loan.gm','通用金融','aa','article.state.recommand','推荐','visible.true','显示',0,'2011-09-28 11:41:11','admin','管理员'),(47,'rongzhan','融展集团','ggggaaa','article.state.normal','普通','visible.true','显示',0,'2011-09-28 13:32:39','admin','管理员'),(50,'rongzhan.new.enterprise','aaaaaa','aaaaaa','article.state.normal','普通','visible.true','显示',0,'2011-09-28 14:12:45','admin','管理员'),(51,'rongzhan.loan.fw','大众金融','','article.state.normal','普通','visible.true','显示',0,'2011-09-28 14:13:36','admin','管理员'),(53,'rongzhan.hr','人才招聘','&nbsp;\r\n<table border=\"1\" cellspacing=\"0\" bordercolor=\"#000000\" cellpadding=\"0\" align=\"center\">\r\n	<tbody>\r\n		<tr>\r\n			<td valign=\"top\" width=\"114\">\r\n				<p>\r\n					<span style=\"font-family:宋体;\">阿速度法司法</span><span></span> \r\n				</p>\r\n			</td>\r\n			<td valign=\"top\" width=\"114\">\r\n				<p>\r\n					<span>aa</span> \r\n				</p>\r\n			</td>\r\n			<td valign=\"top\" width=\"114\">\r\n				<p>\r\n					<span>aa</span> \r\n				</p>\r\n			</td>\r\n			<td valign=\"top\" width=\"114\">\r\n				<p>\r\n					<span>aa</span> \r\n				</p>\r\n			</td>\r\n			<td valign=\"top\" width=\"114\">\r\n				<p>\r\n					<span>aa</span> \r\n				</p>\r\n			</td>\r\n		</tr>\r\n		<tr>\r\n			<td valign=\"top\" width=\"114\">\r\n				<p>\r\n					<span>sfasfd</span> \r\n				</p>\r\n			</td>\r\n			<td valign=\"top\" width=\"114\">\r\n				<p>\r\n					<span>sdf</span> \r\n				</p>\r\n			</td>\r\n			<td valign=\"top\" width=\"114\">\r\n				<p>\r\n					<span>a</span> \r\n				</p>\r\n			</td>\r\n			<td valign=\"top\" width=\"114\">\r\n				<p>\r\n					<span>sdfsdf</span> \r\n				</p>\r\n			</td>\r\n			<td valign=\"top\" width=\"114\">\r\n				<p>\r\n					<span>df</span> \r\n				</p>\r\n			</td>\r\n		</tr>\r\n		<tr>\r\n			<td valign=\"top\" width=\"114\">\r\n				<p>\r\n					<span>asdfasdf</span> \r\n				</p>\r\n			</td>\r\n			<td valign=\"top\" width=\"114\">\r\n				<p>\r\n					<span>sdf</span> \r\n				</p>\r\n			</td>\r\n			<td valign=\"top\" width=\"114\">\r\n				<p>\r\n					<span>aa</span> \r\n				</p>\r\n			</td>\r\n			<td valign=\"top\" width=\"114\">\r\n				<p>\r\n					<span>f</span> \r\n				</p>\r\n			</td>\r\n			<td valign=\"top\" width=\"114\">\r\n				<p>\r\n					<span>aa</span> \r\n				</p>\r\n			</td>\r\n		</tr>\r\n		<tr>\r\n			<td valign=\"top\" width=\"114\">\r\n				<p>\r\n					<span>aaa</span> \r\n				</p>\r\n			</td>\r\n			<td valign=\"top\" width=\"114\">\r\n				<p>\r\n					<span>asdf</span> \r\n				</p>\r\n			</td>\r\n			<td valign=\"top\" width=\"114\">\r\n				<p>\r\n					<span>aa</span> \r\n				</p>\r\n			</td>\r\n			<td valign=\"top\" width=\"114\">\r\n				<p>\r\n					<span>aa</span> \r\n				</p>\r\n			</td>\r\n			<td valign=\"top\" width=\"114\">\r\n				<p>\r\n					<span>s</span> \r\n				</p>\r\n			</td>\r\n		</tr>\r\n	</tbody>\r\n</table>\r\n<p>\r\n	<input value=\"bb\" name=\"aa\" /></input />&nbsp;\r\n</p>\r\n<hr style=\"page-break-after:always;\" class=\"ke-pagebreak\" />\r\n<p>\r\n	<br />\r\n&nbsp;\r\n</p>\r\n<table border=\"1\" cellspacing=\"0\" bordercolor=\"#000000\" cellpadding=\"0\">\r\n	<tbody>\r\n		<tr>\r\n			<td style=\"background-color:transparent;\" valign=\"top\" width=\"114\">\r\n				<p>\r\n					<span><span style=\"font-family:宋体;\">阿速度法司法</span><span></span></span> \r\n				</p>\r\n			</td>\r\n			<td style=\"background-color:transparent;\" valign=\"top\" width=\"114\">\r\n				<p>\r\n					<span></span>\r\n				</p>\r\n			</td>\r\n			<td style=\"background-color:transparent;\" valign=\"top\" width=\"114\">\r\n				<p>\r\n					<span></span>\r\n				</p>\r\n			</td>\r\n			<td style=\"background-color:transparent;\" valign=\"top\" width=\"114\">\r\n				<p>\r\n					<span></span>\r\n				</p>\r\n			</td>\r\n			<td style=\"background-color:transparent;\" valign=\"top\" width=\"114\">\r\n				<p>\r\n					<span></span>\r\n				</p>\r\n			</td>\r\n		</tr>\r\n		<tr>\r\n			<td style=\"background-color:transparent;\" valign=\"top\" width=\"114\">\r\n				<p>\r\n					<span><span><span>sfasfd</span></span></span> \r\n				</p>\r\n			</td>\r\n			<td style=\"background-color:transparent;\" valign=\"top\" width=\"114\">\r\n				<p>\r\n					<span><span><span>sdf</span></span></span> \r\n				</p>\r\n			</td>\r\n			<td style=\"background-color:transparent;\" valign=\"top\" width=\"114\">\r\n				<p>\r\n					<span></span>\r\n				</p>\r\n			</td>\r\n			<td style=\"background-color:transparent;\" valign=\"top\" width=\"114\">\r\n				<p>\r\n					<span><span><span>sdfsdf</span></span></span> \r\n				</p>\r\n			</td>\r\n			<td style=\"background-color:transparent;\" valign=\"top\" width=\"114\">\r\n				<p>\r\n					<span><span><span>df</span></span></span> \r\n				</p>\r\n			</td>\r\n		</tr>\r\n		<tr>\r\n			<td style=\"background-color:transparent;\" valign=\"top\" width=\"114\">\r\n				<p>\r\n					<span><span><span>asdfasdf</span></span></span> \r\n				</p>\r\n			</td>\r\n			<td style=\"background-color:transparent;\" valign=\"top\" width=\"114\">\r\n				<p>\r\n					<span><span><span>sdf</span></span></span> \r\n				</p>\r\n			</td>\r\n			<td style=\"background-color:transparent;\" valign=\"top\" width=\"114\">\r\n				<p>\r\n					<span></span>\r\n				</p>\r\n			</td>\r\n			<td style=\"background-color:transparent;\" valign=\"top\" width=\"114\">\r\n				<p>\r\n					<span><span><span>f</span></span></span> \r\n				</p>\r\n			</td>\r\n			<td style=\"background-color:transparent;\" valign=\"top\" width=\"114\">\r\n				<p>\r\n					<span></span>\r\n				</p>\r\n			</td>\r\n		</tr>\r\n		<tr>\r\n			<td style=\"background-color:transparent;\" valign=\"top\" width=\"114\">\r\n				<p>\r\n					<span></span>\r\n				</p>\r\n			</td>\r\n			<td style=\"background-color:transparent;\" valign=\"top\" width=\"114\">\r\n				<p>\r\n					<span><span><span>asdf</span></span></span> \r\n				</p>\r\n			</td>\r\n			<td style=\"background-color:transparent;\" valign=\"top\" width=\"114\">\r\n				<p>\r\n					<span></span>\r\n				</p>\r\n			</td>\r\n			<td style=\"background-color:transparent;\" valign=\"top\" width=\"114\">\r\n				<p>\r\n					<span></span>\r\n				</p>\r\n			</td>\r\n			<td style=\"background-color:transparent;\" valign=\"top\" width=\"114\">\r\n				<p>\r\n					<span><span><span>s</span></span></span> \r\n				</p>\r\n			</td>\r\n		</tr>\r\n	</tbody>\r\n</table>\r\n&nbsp;','article.state.normal','普通','visible.true','显示',0,'2011-09-28 14:27:01','admin','管理员'),(54,'rongzhan.contact','联系我们','<p>\r\n	<strong><span style=\"background-color:#ff9900;\">&nbsp;aaaa</span></strong> \r\n</p>\r\n<hr style=\"page-break-after:always;\" class=\"ke-pagebreak\" />','article.state.normal','普通','visible.true','显示',0,'2011-09-28 14:27:06','admin','管理员'),(56,'rongzhan.new.enterprise','hhh','hhhh','article.state.normal','普通','visible.true','显示',0,'2011-09-29 05:03:23','admin','管理员'),(57,'rongzhan.new.enterprise','ttt','ttttt','article.state.normal','普通','visible.true','显示',0,'2011-09-29 05:03:28','admin','管理员'),(58,'rongzhan.new.car','jjjj','jjjj','article.state.normal','普通','visible.true','显示',0,'2011-09-29 05:06:44','admin','管理员'),(59,'rongzhan.new.car','hhhh','hhhh','article.state.normal','普通','visible.false','隐藏',0,'2011-09-29 05:07:07','admin','管理员'),(60,'rongzhan.new.car','111','','article.state.normal','普通','visible.true','显示',0,'2011-09-29 10:44:54','admin','管理员'),(61,'rongzhan.new.car','tttt','','article.state.normal','普通','visible.true','显示',0,'2011-09-29 10:45:22','admin','管理员'),(62,'rongzhan.new.enterprise','aaa','bbb','article.state.normal','普通','visible.true','显示',0,'2011-09-29 10:57:19','admin','管理员'),(63,'rongzhan.new.enterprise','ffffffff','ffffffffffffff','article.state.normal','普通','visible.true','显示',0,'2011-09-29 10:58:55','admin','管理员'),(65,'rongzhan.new.enterprise','bbbbbbb','<strong>bbbbbbbbbbbbbbbbbbbbbvvv</strong>','article.state.normal','普通','visible.true','显示',0,'2011-09-29 11:31:24','admin','管理员'),(66,'rongzhan.new.sall','fff','FFFvv','article.state.normal','普通','visible.true','显示',0,'2011-09-29 11:59:12','admin','管理员'),(68,'rongzhan.new.car','tttt','<strong></strong><span style=\"background-color:#ffe500;\"><strong><em><img alt=\"\" src=\"/easyapp/attached/image/20110929/20110929125415_554.bmp\" /><img alt=\"\" src=\"/easyapp/attached/image/20111005/20111005001743_570.jpg\" />tttt</em></strong></span>','article.state.normal','普通','visible.true','显示',0,'2011-09-29 13:12:12','admin','管理员'),(69,'rongzhan.loan.11','放松放松的','<p>\r\n	asdfasdf\r\n</p>\r\n<p>\r\n	&nbsp;\r\n</p>\r\n<p>\r\n	asdfasfasdf\r\n</p>','article.state.normal','普通','visible.true','显示',0,'2011-10-10 03:36:47','admin','管理员');

/*Table structure for table `web_content` */

DROP TABLE IF EXISTS `web_content`;

CREATE TABLE `web_content` (
  `id` varchar(100) NOT NULL,
  `name` varchar(100) DEFAULT NULL,
  `english` varchar(100) DEFAULT NULL,
  `path` varchar(200) DEFAULT NULL,
  `parentId` varchar(100) DEFAULT NULL,
  `sort` int(11) NOT NULL AUTO_INCREMENT,
  `hasShow` varchar(100) DEFAULT NULL,
  `hasShowName` varchar(100) DEFAULT NULL,
  `mode` varchar(100) DEFAULT 'content.mode.one',
  `modeName` varchar(100) DEFAULT '单一',
  PRIMARY KEY (`sort`)
) ENGINE=InnoDB AUTO_INCREMENT=54 DEFAULT CHARSET=utf8;

/*Data for the table `web_content` */

insert  into `web_content`(`id`,`name`,`english`,`path`,`parentId`,`sort`,`hasShow`,`hasShowName`,`mode`,`modeName`) values ('rongzhan','融展集团','','',NULL,1,'visible.true','显示','content.mode.none','空项'),('rongzhan.home','首页','Home','index.jsp','rongzhan',22,'visible.true','显示','content.mode.none','空项'),('rongzhan.about','集团介绍','About','','rongzhan',23,'visible.true','显示','content.mode.none','空项'),('rongzhan.new','新闻中心','New','','rongzhan',29,'visible.true','显示','content.mode.more','多项'),('rongzhan.service','集团服务','Services','','rongzhan',30,'visible.true','显示','content.mode.none','空项'),('rongzhan.insurance','保险中心','Insurance','','rongzhan',31,'visible.true','显示','content.mode.none','空项'),('rongzhan.loan','分期贷款','Loan','','rongzhan',32,'visible.true','显示','content.mode.none','空项'),('rongzhan.hr','人才招聘','HR','','rongzhan',33,'visible.true','显示','content.mode.one','单项'),('rongzhan.contact','联系我们','Contact','','rongzhan',34,'visible.true','显示','content.mode.one','单项'),('rongzhan.about.speak','董事长致辞','Speak','','rongzhan.about',35,'visible.true','显示','content.mode.one','单项'),('rongzhan.about.introduce','集团介绍','Introduce','','rongzhan.about',36,'visible.true','显示','content.mode.one','单项'),('rongzhan.about.course','发展历程','Course','','rongzhan.about',37,'visible.true','显示','content.mode.one','单项'),('rongzhan.about.glory','企业荣誉','Glory','','rongzhan.about',38,'visible.true','显示','content.mode.one','单项'),('rongzhan.about.structure','组织架构','Structur','','rongzhan.about',39,'visible.true','显示','content.mode.one','单项'),('rongzhan.new.enterprise','企业新闻','Enterprise','','rongzhan.new',40,'visible.true','显示','content.mode.more','多项'),('rongzhan.new.car','行业新闻','Car','','rongzhan.new',41,'visible.true','显示','content.mode.more','多项'),('rongzhan.new.sall','促销新闻','Sall','','rongzhan.new',42,'visible.true','显示','content.mode.more','多项'),('rongzhan.service.test','验车中心','Test','','rongzhan.service',43,'visible.true','显示','content.mode.one','单项'),('rongzhan.service.rescue','24小时救援','Rescue','','rongzhan.service',44,'visible.true','显示','content.mode.one','单项'),('rongzhan.service.special','特殊服务','Special','','rongzhan.service',45,'visible.true','显示','content.mode.one','单项'),('rongzhan.service.member','会员服务','Memer','','rongzhan.service',46,'visible.true','显示','content.mode.one','单项'),('rongzhan.service.book','在线预约','Book','','rongzhan.service',47,'visible.true','显示','content.mode.one','单项'),('rongzhan.insurance.sall','保险销售','Sall','','rongzhan.insurance',48,'visible.true','显示','content.mode.one','单项'),('rongzhan.insurance.indemnify','保险理赔','Indemnify','','rongzhan.insurance',49,'visible.true','显示','content.mode.one','单项'),('rongzhan.loan.toyota','丰田金融','Toyota','','rongzhan.loan',50,'visible.true','显示','content.mode.one','单项'),('rongzhan.loan.gm','通用金融','GM','','rongzhan.loan',51,'visible.true','显示','content.mode.one','单项'),('rongzhan.loan.fw','大众金融','FW','','rongzhan.loan',52,'visible.true','显示','content.mode.one','单项'),('rongzhan.loan.11','放松放松的','sdfsf','','rongzhan.loan',53,'visible.true','显示','content.mode.one','单项');

/*Table structure for table `web_message` */

DROP TABLE IF EXISTS `web_message`;

CREATE TABLE `web_message` (
  `id` int(11) NOT NULL AUTO_INCREMENT,
  `cid` varchar(100) DEFAULT NULL,
  `state` varchar(100) DEFAULT NULL,
  `stateName` varchar(100) DEFAULT NULL,
  `hasShow` varchar(100) DEFAULT NULL,
  `hasShowName` varchar(100) DEFAULT NULL,
  `sendTime` datetime DEFAULT NULL,
  `sendText` varchar(1000) DEFAULT NULL,
  `sendEmail` varchar(100) DEFAULT NULL,
  `sendPhone` varchar(100) DEFAULT NULL,
  `sendName` varchar(100) DEFAULT NULL,
  `receiveTime` datetime DEFAULT NULL,
  `receiveText` varchar(1000) DEFAULT NULL,
  `receiveOperater` varchar(100) DEFAULT NULL,
  `receiveOperaterName` varchar(100) DEFAULT NULL,
  PRIMARY KEY (`id`)
) ENGINE=InnoDB AUTO_INCREMENT=4 DEFAULT CHARSET=utf8;

/*Data for the table `web_message` */

insert  into `web_message`(`id`,`cid`,`state`,`stateName`,`hasShow`,`hasShowName`,`sendTime`,`sendText`,`sendEmail`,`sendPhone`,`sendName`,`receiveTime`,`receiveText`,`receiveOperater`,`receiveOperaterName`) values (1,'rongzhan.about','message.state.false','未回复','visible.true','显示','2011-09-29 02:44:23','tttpp','11@11.11pp','13555555550','vvvppp','2011-09-29 02:44:23','vvvffffppp','admin','管理员'),(2,'rongzhan','message.state.true','已回复','visible.false','隐藏','2011-09-29 03:39:08','hhhh','11@11.11','13967895555','123123123','2011-09-29 03:39:08','1412412412','admin','管理员'),(3,'rongzhan','message.state.true','已回复','visible.false','隐藏','2011-09-29 03:44:07','aa\r\nbb\r\ncc','gg@11.com','13596160505','123','2011-09-29 03:44:07','124124\r\n123123\r\n123123123','admin','管理员');

/*!40101 SET SQL_MODE=@OLD_SQL_MODE */;
/*!40014 SET FOREIGN_KEY_CHECKS=@OLD_FOREIGN_KEY_CHECKS */;
